Country,Continent,ISO_Code,Level,GDLCODE,Region,"1990","1991","1992","1993","1994","1995","1996","1997","1998","1999","2000","2001","2002","2003","2004","2005","2006","2007","2008","2009","2010","2011","2012","2013","2014","2015","2016","2017","2018","2019","2020","2021"
"Afghanistan","Asia/Pacific","AFG","National","AFGt","Total",,,,,,,,,,,0.636,0.672,0.708,0.744,0.780,0.815,0.842,0.868,0.894,0.920,0.946,1.011,1.076,1.142,1.207,1.272,1.430,1.589,1.747,1.905,2.063,2.311
"Albania","Europe","ALB","National","ALBt","Total",,,,,,,,,,,8.143,8.235,8.312,8.389,8.465,8.542,8.619,8.695,8.772,8.980,9.188,9.396,9.832,10.08,10.33,10.59,10.85,11.12,11.40,11.68,11.68,11.68
"Algeria","Africa","DZA","National","DZAt","Total",,,,,,,,,,,5.246,5.416,5.587,5.758,5.928,6.099,6.365,6.462,6.559,6.658,6.759,6.861,6.964,7.070,7.177,7.285,7.395,7.507,7.620,7.736,7.736,7.736
"Andorra","Europe","AND","National","ANDt","Total",,,,,,,,,,,,,,,,,,,,,,,,,,,,,,,10.48,10.48
"Angola","Africa","AGO","National","AGOt","Total",,,,,,,,,,,,,,,,,,,,,,,,,3.132,3.658,4.184,4.184,4.184,4.184,4.184,4.184
"Argentina urban","America","ARG","National","ARGt","Total",,,,,,,,,,,8.889,8.978,9.493,10.01,10.10,10.19,10.28,10.39,10.49,10.66,10.68,10.78,10.95,11.01,11.08,11.09,11.06,11.18,11.30,11.35,11.35,11.35
"Armenia","Europe","ARM","National","ARMt","Total",,,,,,,,,,,10.39,10.40,10.48,10.56,10.64,10.71,10.79,10.87,10.95,11.03,11.11,11.19,11.29,11.38,11.48,11.58,11.38,11.18,11.23,11.28,11.32,11.32
"Australia","Asia/Pacific","AUS","National","AUSt","Total",,,,,,,,,,,11.10,11.17,11.23,11.29,11.36,11.41,11.56,11.63,11.91,11.97,12.04,12.16,12.31,12.04,12.13,12.24,12.36,12.46,12.62,12.70,12.81,12.81
"Austria","Europe","AUT","National","AUTt","Total",,,,,,,,,,,10.64,10.74,10.84,10.94,11.04,11.14,11.09,11.04,10.92,11.24,11.31,11.29,11.34,11.40,11.63,11.72,11.77,11.84,11.91,11.98,11.98,11.98
"Azerbaijan","Europe","AZE","National","AZEt","Total",,,,,,,,,,,9.822,9.905,9.989,10.07,10.16,10.24,10.32,10.41,10.42,10.13,10.16,10.16,10.16,10.17,10.17,10.16,10.24,10.22,10.21,10.21,10.21,10.21
"Bahamas","America","BHS","National","BHSt","Total",,,,,,,,,,,11.24,,,,,11.63,,,,,12.01,12.09,12.17,12.25,12.33,12.41,12.49,12.58,12.66,12.74,12.74,12.74
"Bahrain","Asia/Pacific","BHR","National","BHRt","Total",,,,,,,,,,,7.009,,,,,7.565,,,,,7.983,8.142,8.301,8.459,8.618,8.777,8.935,9.132,10.42,10.60,10.78,10.78
"Bangladesh","Asia/Pacific","BGD","National","BGDt","Total",,,,,,,,,,,3.675,3.779,3.842,3.904,3.967,4.029,4.092,4.154,4.217,4.279,4.342,4.404,4.539,4.367,4.598,5.341,5.439,5.639,5.798,5.977,6.755,6.755
"Barbados","America","BRB","National","BRBt","Total",,,,,,,,,,,9.074,9.186,9.298,9.410,9.523,9.635,9.672,9.709,9.747,9.784,9.822,9.859,9.896,9.934,9.971,10.01,10.08,10.15,10.21,10.28,10.28,10.28
"Belarus","Europe","BLR","National","BLRt","Total",,,,,,,,,,,10.14,10.24,10.34,10.44,10.54,10.64,10.75,10.85,10.96,11.06,11.17,11.28,11.39,11.50,11.61,11.72,11.83,11.94,12.05,12.16,12.16,12.16
"Belgium","Europe","BEL","National","BELt","Total",,,,,,,,,,,10.28,10.38,10.47,10.57,10.67,10.77,10.79,10.84,10.88,11.04,11.17,11.24,11.27,11.35,11.44,11.73,11.83,12.11,12.21,12.32,12.32,12.32
"Belize","America","BLZ","National","BLZt","Total",,,,,,,,,,,7.104,7.276,7.448,7.621,7.793,7.965,8.471,8.976,9.482,9.987,10.49,10.35,10.20,10.06,9.912,9.767,9.622,9.477,9.332,9.187,9.042,9.042
"Benin","Africa","BEN","National","BENt","Total",,,,,,,,,,,1.425,1.468,1.511,1.554,1.598,1.641,1.699,1.757,1.815,1.873,1.931,2.078,2.224,2.370,2.516,2.663,2.826,2.989,3.152,3.315,3.315,3.315
"Bhutan","Asia/Pacific","BTN","National","BTNt","Total",,,,,,,,,,,,,,,,,,,,,1.495,1.487,1.479,1.832,2.185,2.539,2.892,3.246,3.801,4.451,4.451,4.451
"Bolivia","America","BOL","National","BOLt","Total",,,,,,,,,,,,,,,,6.290,6.288,6.405,6.521,6.781,7.041,7.300,7.559,7.886,8.213,8.540,8.723,8.907,9.090,9.274,9.217,9.217
"Bosnia and Herzegovina","Europe","BIH","National","BIHt","Total",,,,,,,,,,,,,,,,5.242,5.258,5.480,5.703,5.925,6.148,6.293,6.880,7.466,8.053,8.194,8.633,8.741,8.850,9.314,9.778,9.778
"Botswana","Africa","BWA","National","BWAt","Total",,,,,,,,,,,7.570,7.692,7.814,7.936,8.058,8.180,8.280,8.380,8.480,8.580,8.680,8.930,9.180,9.430,9.680,9.930,10.02,10.10,10.19,10.27,10.27,10.27
"Brazil","America","BRA","National","BRAt","Total",,,,,,,,,,,5.429,5.589,5.750,5.911,6.071,6.248,6.425,6.613,6.791,6.893,7.045,7.161,7.382,7.475,7.576,7.699,7.910,8.053,8.184,8.334,8.334,8.334
"Brunei Darussalam","Asia/Pacific","BRN","National","BRNt","Total",,,,,,,,,,,7.970,,,,,8.100,,,,,8.480,8.582,8.684,8.786,8.888,8.990,9.038,9.086,9.134,9.162,9.162,9.162
"Bulgaria","Europe","BGR","National","BGRt","Total",,,,,,,,,,,9.607,9.911,10.00,10.10,10.19,10.28,10.38,10.50,10.56,10.63,10.73,10.79,10.92,11.04,11.12,11.27,11.32,11.33,11.39,11.45,11.51,11.51
"Burkina Faso","Africa","BFA","National","BFAt","Total",,,,,,,,,,,,,,,,0.810,0.848,0.278,0.365,0.452,0.539,0.626,0.713,0.799,0.886,1.018,1.149,1.281,1.413,1.583,1.583,1.583
"Burundi","Africa","BDI","National","BDIt","Total",,,,,,,,,,,1.451,1.514,1.577,1.640,1.703,1.766,1.828,1.891,1.954,1.891,1.828,1.764,1.701,1.638,1.574,1.791,2.008,2.225,2.355,2.492,2.492,2.492
"Cambodia","Asia/Pacific","KHM","National","KHMt","Total",,,,,,,,,,,2.250,2.312,2.374,2.436,2.498,2.560,2.680,2.800,2.920,3.040,3.160,3.294,3.428,3.562,3.696,3.830,3.964,4.098,4.232,4.366,4.366,4.366
"Cameroon","Africa","CMR","National","CMRt","Total",,,,,,,,,,,2.915,3.012,3.110,3.207,3.305,3.403,3.502,3.601,3.700,3.799,3.898,4.036,4.174,4.311,4.449,4.586,4.644,4.702,4.759,4.817,4.817,4.817
"Canada","America","CAN","National","CANt","Total",,,,,,,,,,,12.44,12.63,12.76,12.89,13.02,13.15,13.27,13.33,13.39,13.44,13.50,13.56,13.60,13.65,13.69,13.74,13.78,13.83,13.87,13.92,13.92,13.92
"Cape Verde","Africa","CPV","National","CPVt","Total",,,,,,,,,,,3.363,3.519,3.674,3.830,3.985,4.141,4.296,4.452,4.608,4.763,4.919,5.074,5.230,5.385,5.541,5.614,5.926,5.986,5.986,6.026,6.026,6.026
"Central African Republic CAR","Africa","CAF","National","CAFt","Total",,,,,,,,,,,1.700,1.768,1.836,1.904,1.972,2.040,2.102,2.164,2.226,2.288,2.350,2.468,2.586,2.704,2.822,2.940,2.982,3.024,3.066,3.108,3.108,3.108
"Chad","Africa","TCD","National","TCDt","Total",,,,,,,,,,,,,,,,0.756,0.788,0.821,0.853,0.886,0.940,0.995,1.050,1.105,1.159,1.214,1.278,1.345,1.415,1.489,1.489,1.489
"Chili","America","CHL","National","CHLt","Total",,,,,,,,,,,9.060,9.206,9.352,9.498,9.644,9.670,9.696,9.722,9.960,9.851,9.743,9.394,9.637,9.880,9.999,10.12,10.30,10.48,10.66,10.84,10.84,10.84
"China","Asia/Pacific","CHN","National","CHNt","Total",,,,,,,,,,,5.263,5.361,5.459,5.557,5.655,5.753,5.851,5.949,6.047,6.145,6.243,6.370,6.497,6.624,6.750,6.877,6.992,7.106,7.220,7.335,7.335,7.335
"Colombia","America","COL","National","COLt","Total",,,,,,,,,,,6.826,6.875,6.924,6.973,7.022,7.262,6.803,7.209,7.337,7.302,7.440,7.578,7.689,7.937,8.106,8.156,8.352,8.506,8.660,8.810,9.016,9.016
"Comoros","Africa","COM","National","COMt","Total",,,,,,,,,,,2.187,2.187,2.209,2.231,2.254,2.428,2.601,2.775,2.949,3.123,3.296,3.470,3.644,3.691,3.739,3.788,3.837,3.887,3.887,3.953,3.953,3.953
"Congo Brazzaville","Africa","COG","National","COGt","Total",,,,,,,,,,,4.780,4.808,4.836,4.864,4.892,4.920,4.916,4.912,4.908,4.904,4.900,5.022,5.144,5.266,5.388,5.510,5.530,5.550,5.570,5.590,5.590,5.590
"Congo Democratic Republic","Africa","COD","National","CODt","Total",,,,,,,,,,,,,,,,3.602,3.681,3.761,3.840,3.919,3.998,4.148,4.297,4.446,4.722,4.998,5.275,5.436,5.596,5.596,5.596,5.596
"Costa Rica","America","CRI","National","CRIt","Total",,,,,,,,,,,7.058,7.223,7.408,7.550,7.600,7.771,7.836,7.989,8.285,8.336,8.250,8.372,8.433,8.589,8.745,8.668,8.641,8.738,8.835,8.864,8.892,8.892
"Cote d'Ivoire","Africa","CIV","National","CIVt","Total",,,,,,,,,,,5.476,5.378,5.280,5.182,5.084,4.986,4.888,4.790,4.692,4.594,4.495,4.397,4.299,4.201,4.103,4.264,4.367,4.470,4.573,4.677,4.677,4.677
"Croatia","Europe","HRV","National","HRVt","Total",,,,,,,,,,,8.815,9.147,9.296,9.444,9.593,9.741,9.890,10.04,10.19,10.34,10.48,10.63,10.79,10.94,11.10,11.27,11.43,11.60,11.77,11.94,11.94,11.94
"Cuba","America","CUB","National","CUBt","Total",,,,,,,,,,,9.826,9.924,10.02,10.17,10.32,10.46,10.61,10.75,10.90,11.05,11.19,11.34,11.49,11.64,11.79,11.95,12.11,12.27,12.43,12.59,12.59,12.59
"Cyprus","Europe","CYP","National","CYPt","Total",,,,,,,,,,,9.391,9.575,9.760,9.944,10.13,10.35,10.63,10.86,10.96,10.93,11.12,11.32,11.59,11.66,11.75,11.73,11.99,12.12,12.24,12.32,12.41,12.41
"Czech Republic","Europe","CZE","National","CZEt","Total",,,,,,,,,,,10.33,10.57,10.81,11.04,11.28,11.52,11.75,11.78,11.85,11.97,12.07,12.18,12.26,12.36,12.40,12.47,12.53,12.59,12.65,12.71,12.71,12.71
"Denmark","Europe","DNK","National","DNKt","Total",,,,,,,,,,,12.45,12.65,12.84,13.03,13.06,12.93,12.81,12.69,12.94,12.68,12.43,12.52,12.82,12.90,12.21,12.78,13.32,13.20,13.08,13.12,13.16,13.16
"Dominican Republic","America","DOM","National","DOMt","Total",,,,,,,,,,,,,,,,,,,,,7.422,7.528,7.673,7.731,7.884,8.019,9.307,9.234,9.356,9.607,9.607,9.607
"Ecuador","America","ECU","National","ECUt","Total",,,,,,,,,,,,,,,,,,,,,7.709,7.773,7.974,8.182,8.268,8.629,8.639,8.713,8.742,8.771,8.800,8.800
"Egypt","Africa","EGY","National","EGYt","Total",,,,,,,,,,,5.625,5.554,5.484,5.414,5.344,5.273,5.203,5.548,5.894,6.239,6.584,6.930,7.275,7.620,7.966,8.311,8.656,9.002,9.393,9.802,9.802,9.802
"El Salvador","America","SLV","National","SLVt","Total",,,,,,,,,,,4.237,4.299,4.362,4.425,4.488,4.551,4.614,5.211,5.665,5.834,6.074,5.887,6.019,6.119,6.211,6.303,6.395,6.507,6.624,6.742,6.769,6.769
"Equatorial Guinea","Africa","GNQ","National","GNQt","Total",,,,,,,,,,,,,,,,,,,,,,,,,,,,,,,4.195,4.195
"Estonia","Europe","EST","National","ESTt","Total",,,,,,,,,,,12.25,12.45,12.64,12.84,13.03,13.23,13.42,13.45,13.54,13.68,13.70,13.76,13.78,13.92,13.93,13.96,13.95,14.01,14.14,13.96,13.78,13.78
"Eswatini","Africa","SWZ","National","SWZt","Total",,,,,,,,,,,3.920,3.736,3.594,3.426,3.258,3.090,3.240,3.344,3.516,3.688,3.860,4.102,4.344,4.586,4.828,5.070,5.218,5.366,5.514,5.662,5.662,5.662
"Ethiopia","Africa","ETH","National","ETHt","Total",,,,,,,,,,,0.810,0.869,0.929,0.988,1.048,1.107,1.177,1.247,1.255,1.263,1.271,1.279,1.376,1.473,1.571,1.668,1.765,1.897,2.029,2.162,2.162,2.162
"Fiji","Asia/Pacific","FJI","National","FJIt","Total",,,,,,,,,,,8.060,8.225,8.391,8.556,8.721,8.886,9.052,9.217,9.364,9.512,9.659,9.807,9.954,10.10,10.25,10.40,10.54,10.69,10.85,11.00,11.00,11.00
"Finland","Europe","FIN","National","FINt","Total",,,,,,,,,,,11.38,11.62,11.86,12.10,12.16,12.22,12.28,12.33,12.39,12.45,12.50,12.55,12.59,12.66,12.72,12.77,12.83,12.89,12.97,13.05,13.05,13.05
"France","Europe","FRA","National","FRAt","Total",,,,,,,,,,,9.171,9.365,9.559,9.752,9.946,10.03,10.17,10.32,10.41,10.50,10.53,10.61,10.71,10.84,10.98,11.12,11.13,11.21,11.32,11.44,11.44,11.44
"Gabon","Africa","GAB","National","GABt","Total",,,,,,,,,,,4.915,5.085,5.254,5.423,5.592,5.762,5.931,6.100,6.269,6.439,6.608,6.777,6.946,7.138,7.330,7.521,7.602,7.682,7.763,7.844,7.844,7.844
"Gambia","Africa","GMB","National","GMBt","Total",,,,,,,,,,,1.250,1.324,1.402,1.484,1.571,1.663,1.761,1.865,1.974,2.090,2.213,2.343,2.481,2.627,2.800,2.974,3.147,3.321,3.494,3.668,3.841,3.841
"Georgia","Europe","GEO","National","GEOt","Total",,,,,,,,,,,11.65,11.71,11.78,11.84,11.90,11.97,12.03,12.10,12.16,12.22,12.29,12.35,12.42,12.51,12.60,12.71,12.83,12.90,12.88,12.87,12.87,12.87
"Germany","Europe","DEU","National","DEUt","Total",,,,,,,,,,,11.52,11.97,12.41,12.86,13.30,13.20,13.10,13.19,13.26,13.35,13.38,13.50,13.56,13.62,13.63,13.70,13.77,13.79,13.80,13.84,13.84,13.84
"Ghana","Africa","GHA","National","GHAt","Total",,,,,,,,,,,5.557,5.647,5.737,5.827,5.917,6.007,6.120,6.233,6.346,6.459,6.572,6.664,6.756,6.848,6.941,7.033,7.220,7.406,7.593,7.780,7.780,7.780
"Greece","Europe","GRC","National","GRCt","Total",,,,,,,,,,,9.169,9.198,9.226,9.255,9.283,9.339,9.790,9.652,9.711,9.794,9.878,9.985,10.09,10.20,10.31,10.50,9.958,10.24,10.53,10.81,11.10,11.10
"Guatemala","America","GTM","National","GTMt","Total",,,,,,,,,,,3.489,3.449,3.409,3.354,3.299,3.244,3.190,3.367,3.544,3.721,3.898,4.075,4.252,4.449,5.533,5.474,5.414,5.354,5.295,5.235,5.235,5.235
"Guinea","Africa","GIN","National","GINt","Total",,,,,,,,,,,0.694,0.694,0.694,0.694,0.695,0.695,0.695,0.695,0.696,0.696,0.696,0.780,0.865,0.950,1.034,1.083,1.131,1.179,1.228,1.293,1.293,1.293
"Guinea Bissau","Africa","GNB","National","GNBt","Total",,,,,,,,,,,,,,,,,,,,,,,,,,,,,,,2.411,2.411
"Guyana","America","GUY","National","GUYt","Total",,,,,,,,,,,6.077,6.137,6.196,6.463,6.729,6.995,7.261,7.527,7.794,8.060,8.120,8.180,8.241,8.301,8.361,8.421,8.482,8.542,8.602,8.663,8.723,8.723
"Haiti","America","HTI","National","HTIt","Total",,,,,,,,,,,2.550,2.628,2.706,2.784,2.862,2.940,2.968,2.996,3.024,3.052,3.080,3.296,3.512,3.728,3.944,4.160,4.258,4.356,4.454,4.552,4.552,4.552
"Honduras","America","HND","National","HNDt","Total",,,,,,,,,,,4.566,4.637,4.708,4.779,4.850,4.921,4.947,4.972,5.134,5.295,5.456,5.617,5.559,5.900,6.241,6.404,6.557,6.470,6.382,6.757,6.757,6.757
"Hungary","Europe","HUN","National","HUNt","Total",,,,,,,,,,,9.725,9.788,9.948,10.11,10.27,10.43,10.74,11.04,11.35,11.65,11.73,11.79,11.72,11.89,11.55,11.64,11.68,11.79,11.89,11.99,12.10,12.10
"Iceland","Europe","ISL","National","ISLt","Total",,,,,,,,,,,9.806,,,,,10.38,,,,,11.00,11.48,11.95,12.43,12.90,13.38,13.50,13.63,13.76,13.88,13.87,13.87
"India","Asia/Pacific","IND","National","INDt","Total",,,,,,,,,,,3.345,3.284,3.223,3.162,3.102,3.041,3.179,3.318,3.456,3.594,3.733,4.045,4.358,4.670,4.983,5.295,5.534,5.773,6.012,6.252,6.252,6.252
"Indonesia","Asia/Pacific","IDN","National","IDNt","Total",,,,,,,,,,,5.323,5.609,5.895,6.181,6.468,6.754,7.040,6.391,6.508,6.755,6.879,7.003,7.111,7.219,7.327,7.452,7.568,7.664,7.759,7.983,8.207,8.207
"Iran","Asia/Pacific","IRN","National","IRNt","Total",,,,,,,,,,,7.862,8.116,8.371,8.626,8.880,9.135,9.600,9.398,9.196,9.394,9.592,9.659,9.726,9.920,10.02,10.13,10.25,10.37,10.49,10.62,10.62,10.62
"Iraq","Asia/Pacific","IRQ","National","IRQt","Total",,,,,,,,,,,4.463,4.650,4.837,5.024,5.211,5.397,5.553,5.708,5.863,6.018,6.174,6.477,6.780,7.083,7.111,7.138,7.165,7.193,7.220,7.248,7.248,7.248
"Ireland","Europe","IRL","National","IRLt","Total",,,,,,,,,,,9.513,9.753,9.994,10.23,10.48,10.72,10.96,11.20,11.36,11.53,11.70,11.17,11.25,11.32,11.40,11.48,11.55,11.63,11.71,11.79,11.79,11.79
"Israel","Asia/Pacific","ISR","National","ISRt","Total",,,,,,,,,,,9.789,,,,,10.85,,,,,12.46,12.55,12.66,12.78,12.91,12.96,13.07,13.17,13.28,13.38,13.38,13.38
"Italy","Europe","ITA","National","ITAt","Total",,,,,,,,,,,8.426,8.508,8.609,8.710,8.812,8.913,9.047,9.218,9.359,9.443,9.544,9.642,9.792,9.898,10.01,10.11,10.21,10.31,10.41,10.51,10.61,10.61
"Jamaica","America","JAM","National","JAMt","Total",,,,,,,,,,,7.763,7.864,7.965,8.066,8.167,8.267,8.368,8.469,8.570,8.671,8.772,8.873,8.978,9.083,9.190,9.299,9.408,9.519,9.631,9.745,9.745,9.745
"Japan","Asia/Pacific","JPN","National","JPNt","Total",,,,,,,,,,,11.78,11.82,11.86,11.91,11.95,11.99,12.04,12.08,12.12,12.17,12.21,12.44,12.68,12.91,13.15,13.19,13.22,13.26,13.28,13.31,13.31,13.31
"Jordan","Asia/Pacific","JOR","National","JORt","Total",,,,,,,,,,,6.895,7.092,7.289,7.485,7.773,8.061,8.348,8.636,8.923,8.952,8.981,9.110,9.238,9.367,9.496,9.625,9.754,9.882,10.01,10.04,10.07,10.07
"Kazakhstan","Asia/Pacific","KAZ","National","KAZt","Total",,,,,,,,,,,9.516,9.821,10.13,10.43,10.74,11.04,11.35,11.65,11.34,11.03,11.16,11.30,11.43,11.57,11.70,11.83,11.97,12.10,12.24,12.38,12.38,12.38
"Kenya","Africa","KEN","National","KENt","Total",,,,,,,,,,,4.120,4.238,4.356,4.474,4.592,4.710,4.936,5.162,5.388,5.614,5.840,5.800,5.760,5.720,5.680,5.640,5.746,5.852,5.958,6.064,6.064,6.064
"Kuwait","Asia/Pacific","KWT","National","KWTt","Total",,,,,,,,,,,6.149,6.228,6.307,6.386,6.464,6.543,6.688,6.684,7.027,7.119,7.211,7.303,7.395,7.280,7.454,7.628,7.760,7.892,7.976,8.123,8.123,8.123
"Kyrgyzstan","Asia/Pacific","KGZ","National","KGZt","Total",,,,,,,,,,,10.26,10.34,10.41,10.49,10.56,10.63,10.71,10.78,10.86,10.93,11.12,11.22,11.31,11.41,11.50,11.60,11.60,11.60,11.60,11.60,11.60,11.60
"Lao","Asia/Pacific","LAO","National","LAOt","Total",,,,,,,,,,,2.900,2.984,3.068,3.152,3.236,3.320,3.422,3.524,3.626,3.728,3.830,3.960,4.090,4.220,4.350,4.480,4.612,4.744,4.876,5.008,5.008,5.008
"Latvia","Europe","LVA","National","LVAt","Total",,,,,,,,,,,,,,,,,,,,,,12.88,,,,,,,,,,
"Lebanon","Asia/Pacific","LBN","National","LBNt","Total",,,,,,,,,,,,,,,,7.106,7.207,7.814,7.870,7.926,7.982,8.037,8.093,8.149,8.205,8.261,8.317,8.373,8.428,8.484,8.484,8.484
"Lesotho","Africa","LSO","National","LSOt","Total",,,,,,,,,,,5.556,5.770,5.983,6.197,6.410,6.624,6.395,6.238,6.081,5.847,5.612,5.736,5.861,5.985,6.110,6.234,6.316,6.398,6.480,6.562,6.562,6.562
"Liberia","Africa","LBR","National","LBRt","Total",,,,,,,,,,,1.810,1.870,1.930,1.990,2.050,2.110,2.200,2.290,2.380,2.470,2.560,2.658,2.756,2.854,2.952,3.050,3.254,3.458,3.662,3.866,3.866,3.866
"Libya","Africa","LBY","National","LBYt","Total",,,,,,,,,,,4.850,5.140,5.430,5.720,6.010,6.300,6.586,6.872,7.158,7.444,7.730,7.730,7.730,7.730,7.730,7.730,7.730,7.951,7.951,8.470,8.470,8.470
"Lithuania","Europe","LTU","National","LTUt","Total",,,,,,,,,,,10.69,10.89,11.09,11.29,11.48,11.68,11.90,12.03,12.19,12.26,12.42,12.53,12.54,12.56,12.80,12.96,13.16,13.25,13.36,13.47,13.58,13.58
"Luxembourg","Europe","LUX","National","LUXt","Total",,,,,,,,,,,10.62,,,,,10.98,,,,,12.44,12.52,12.66,12.94,13.09,12.41,12.75,12.63,12.78,13.01,13.01,13.01
"Madagascar","Africa","MDG","National","MDGt","Total",,,,,,,,,,,3.470,3.595,3.720,3.844,3.969,4.032,4.095,4.158,4.221,4.283,4.346,4.409,4.472,4.535,4.598,4.661,4.723,4.786,4.849,4.914,4.914,4.914
"Malawi","Africa","MWI","National","MWIt","Total",,,,,,,,,,,1.968,2.035,2.102,2.168,2.235,2.302,2.478,2.655,2.831,3.008,3.184,3.266,3.347,3.429,3.511,3.592,3.720,3.849,3.977,4.105,4.105,4.105
"Malaysia","Asia/Pacific","MYS","National","MYSt","Total",,,,,,,,,,,7.920,7.766,7.612,7.457,7.303,7.148,7.674,8.200,8.725,9.251,9.415,9.557,9.698,9.840,9.981,10.12,10.26,10.37,10.47,10.57,10.57,10.57
"Maldives","Asia/Pacific","MDV","National","MDVt","Total",,,,,,,,,,,2.790,2.764,2.738,2.712,2.686,2.660,2.942,3.224,3.506,3.788,4.070,4.544,5.018,5.492,5.966,6.440,6.610,6.780,6.950,7.120,7.120,7.120
"Mali","Africa","MLI","National","MLIt","Total",,,,,,,,,,,0.630,0.658,0.686,0.714,0.742,0.770,0.940,1.110,1.280,1.394,1.620,1.680,1.740,1.800,1.860,1.920,2.036,2.152,2.268,2.384,2.384,2.384
"Mauritania","Africa","MRT","National","MRTt","Total",,,,,,,,,,,2.469,2.523,2.577,2.631,2.686,2.740,2.831,2.923,3.015,3.106,3.198,3.356,3.513,3.671,3.828,3.986,4.148,4.310,4.473,4.635,4.635,4.635
"Mauritius","Africa","MUS","National","MUSt","Total",,,,,,,,,,,5.608,5.823,6.037,6.252,6.466,6.681,6.895,7.110,7.324,7.539,7.753,7.968,8.202,8.442,8.690,8.945,9.207,9.477,9.755,10.04,10.04,10.04
"Mexico","America","MEX","National","MEXt","Total",,,,,,,,,,,6.265,6.424,6.584,6.744,6.904,7.199,7.501,7.528,7.611,7.805,7.790,7.995,8.201,8.147,8.223,8.408,8.422,8.576,8.776,8.937,9.097,9.097
"Moldova","Europe","MDA","National","MDAt","Total",,,,,,,,,,,9.995,10.12,10.25,10.37,10.50,10.62,10.90,11.17,11.28,11.41,11.43,11.50,11.53,11.64,11.75,11.80,11.83,11.86,11.89,11.86,11.86,11.86
"Mongolia","Asia/Pacific","MNG","National","MNGt","Total",,,,,,,,,,,8.955,9.092,9.229,9.365,9.502,9.638,9.775,9.912,10.05,10.19,10.32,10.28,10.25,10.21,10.17,10.14,10.10,10.06,10.02,9.987,9.950,9.950
"Monte Negro","Europe","MNE","National","MNEt","Total",,,,,,,,,,,,,,,,,9.987,10.12,10.25,10.38,10.52,10.65,10.79,10.92,11.06,11.21,11.35,11.50,11.65,11.80,11.80,11.80
"Morocco","Africa","MAR","National","MARt","Total",,,,,,,,,,,2.330,2.422,2.514,2.606,2.698,2.790,2.878,2.966,3.054,3.142,3.230,3.460,3.690,3.920,4.150,4.380,4.532,4.684,4.836,4.988,4.988,4.988
"Mozambique","Africa","MOZ","National","MOZt","Total",,,,,,,,,,,1.177,1.245,1.313,1.381,1.449,1.517,1.571,1.625,1.680,1.734,1.855,1.975,2.153,2.331,2.509,2.687,2.514,2.341,2.386,2.432,2.432,2.432
"Myanmar","Asia/Pacific","MMR","National","MMRt","Total",,,,,,,,,,,,,,,,,,,,,,,,,,,,5.892,5.993,6.095,6.095,6.095
"Namibia","Africa","NAM","National","NAMt","Total",,,,,,,,,,,5.666,5.673,5.772,5.872,5.972,6.071,6.143,6.251,6.325,6.356,6.427,6.584,6.741,6.897,7.054,7.210,7.271,7.332,7.393,7.454,7.454,7.454
"Nepal","Asia/Pacific","NPL","National","NPLt","Total",,,,,,,,,,,1.464,1.576,1.651,1.726,1.800,1.875,1.950,2.025,2.100,2.175,2.250,2.325,2.592,2.859,3.126,3.393,3.585,3.777,3.969,4.161,4.161,4.161
"Netherlands","Europe","NLD","National","NLDt","Total",,,,,,,,,,,11.32,11.34,11.35,11.36,11.38,11.38,11.50,11.63,11.56,11.61,11.63,11.64,11.71,11.73,11.77,11.82,11.90,11.99,12.08,12.22,12.35,12.35
"New Zealand","Asia/Pacific","NZL","National","NZLt","Total",,,,,,,,,,,12.73,13.04,13.09,13.14,13.19,13.24,13.29,13.30,13.31,13.32,13.32,13.33,13.34,13.25,13.17,13.15,13.27,13.18,13.10,13.02,12.94,12.94
"Nicaragua","America","NIC","National","NICt","Total",,,,,,,,,,,4.890,5.022,5.154,5.286,5.418,5.550,5.674,5.798,5.922,6.046,6.170,6.324,6.478,6.632,6.786,6.940,7.060,7.180,7.300,7.420,7.420,7.420
"Niger","Africa","NER","National","NERt","Total",,,,,,,,,,,0.662,0.699,0.735,0.772,0.809,0.846,0.880,0.914,0.949,0.983,1.017,1.081,1.145,1.208,1.272,1.336,1.429,1.522,1.615,1.708,1.708,1.708
"Nigeria","Africa","NGA","National","NGAt","Total",,,,,,,,,,,,,,,,3.930,4.166,4.402,4.637,4.431,4.224,4.436,4.649,4.861,4.993,5.124,5.386,5.648,5.909,6.145,6.145,6.145
"North Macedonia","Europe","MKD","National","MKDt","Total",,,,,,,,,,,,,,,,6.932,7.113,7.295,7.476,7.657,7.839,8.020,8.202,8.383,8.565,8.746,8.928,9.109,9.291,9.472,9.654,9.654
"Norway","Europe","NOR","National","NORt","Total",,,,,,,,,,,11.81,11.90,11.99,12.07,12.16,12.22,12.34,12.39,12.50,12.52,12.58,12.66,12.69,12.73,12.77,12.84,12.90,13.05,13.09,13.14,13.14,13.14
"Oman","Asia/Pacific","OMN","National","OMNt","Total",,,,,,,,,,,4.432,,,,,5.941,,,,,7.547,8.113,8.679,9.245,9.811,10.38,10.71,11.05,11.39,11.72,12.06,12.06
"Pakistan","Asia/Pacific","PAK","National","PAKt","Total",,,,,,,,,,,1.892,2.092,2.292,2.493,2.693,2.893,2.885,2.747,2.609,2.839,2.933,3.067,3.393,3.542,3.763,3.763,3.763,3.902,3.899,3.896,3.896,3.896
"Palestine","Asia/Pacific","PSE","National","PSEt","Total",,,,,,,,,,,,,,,,6.770,6.950,7.180,7.357,7.648,7.768,8.003,8.370,8.485,8.546,8.778,8.941,9.127,9.419,9.668,9.916,9.916
"Panama","America","PAN","National","PANt","Total",,,,,,,,,,,8.009,8.158,8.307,8.456,8.605,8.754,8.903,9.052,9.200,9.349,9.498,9.642,9.786,9.930,10.07,10.22,10.36,10.51,10.65,10.79,10.79,10.79
"Papua New Guinea","Asia/Pacific","PNG","National","PNGt","Total",,,,,,,,,,,2.320,2.394,2.468,2.542,2.616,2.690,2.782,2.874,2.966,3.058,3.150,3.288,3.426,3.564,3.702,3.840,3.900,3.960,4.020,4.080,4.080,4.080
"Paraguay","America","PRY","National","PRYt","Total",,,,,,,,,,,6.576,6.692,6.808,6.925,7.050,7.176,6.881,6.990,7.284,6.678,7.039,7.400,7.761,8.314,8.240,8.515,8.378,8.485,8.593,8.809,8.856,8.856
"Peru","America","PER","National","PERt","Total",,,,,,,,,,,7.791,7.888,7.984,8.080,8.177,7.390,7.276,7.510,7.511,7.536,8.200,8.306,8.521,8.619,8.526,8.598,8.800,9.001,9.203,9.325,9.325,9.325
"Philippines","Asia/Pacific","PHL","National","PHLt","Total",,,,,,,,,,,7.602,7.906,8.210,8.514,8.818,8.826,8.835,8.843,8.852,8.943,9.035,9.128,9.221,9.314,9.167,9.020,8.873,8.726,8.979,9.233,9.233,9.233
"Poland","Europe","POL","National","POLt","Total",,,,,,,,,,,11.02,11.14,11.25,11.39,11.53,11.67,11.81,11.95,12.09,12.30,12.30,12.56,12.79,12.81,12.88,13.00,13.12,13.18,13.23,13.29,13.34,13.34
"Portugal","Europe","PRT","National","PRTt","Total",,,,,,,,,,,6.595,6.703,6.826,7.035,7.282,7.395,7.530,7.618,7.736,7.890,8.064,8.262,8.489,8.674,8.907,9.015,9.151,9.276,9.223,9.364,9.608,9.608
"Qatar","Asia/Pacific","QAT","National","QATt","Total",,,,,,,,,,,8.487,,,,,9.480,,,,,10.04,9.861,10.45,10.67,10.91,10.99,11.08,11.27,11.44,11.62,11.62,11.62
"Romania","Europe","ROU","National","ROUt","Total",,,,,,,,,,,8.813,8.920,9.028,9.234,9.441,9.647,9.854,10.06,10.19,10.25,10.29,10.44,10.57,10.66,10.50,10.62,10.73,10.83,10.91,10.99,10.99,10.99
"Russian Federation","Europe","RUS","National","RUSt","Total",,,,,,,,,,,12.24,12.31,12.39,12.39,12.39,12.40,12.40,12.40,12.40,12.40,12.41,12.42,12.45,12.48,12.49,12.54,12.57,12.70,12.71,12.75,12.75,12.75
"Rwanda","Africa","RWA","National","RWAt","Total",,,,,,,,,,,1.837,1.949,2.061,2.173,2.285,2.397,2.560,2.722,2.885,3.047,3.210,3.235,3.260,3.420,3.580,3.666,3.751,3.837,3.922,4.031,4.031,4.031
"Saint Lucia","America","LCA","National","LCAt","Total",,,,,,,,,,,7.634,7.735,7.836,7.938,8.039,8.140,8.241,8.343,8.444,8.545,8.647,8.634,8.620,8.607,8.640,8.673,8.706,8.739,8.772,8.805,8.805,8.805
"Saint Vincent and the Grenadines","America","VCT","National","VCTt","Total",,,,,,,,,,,,,,,,,,,,,,,,,,,,,,,10.92,10.92
"Samoa","Asia/Pacific","WSM","National","WSMt","Total",,,,,,,,,,,,,,,,,,,,,,,,,,,,,,,11.77,11.77
"Sao Tome & Principe","Africa","STP","National","STPt","Total",,,,,,,,,,,3.792,3.865,3.938,4.011,4.085,4.158,4.231,4.304,4.377,4.450,4.523,4.596,4.669,4.742,4.816,4.972,5.128,5.284,5.440,5.596,5.596,5.596
"Saudi Arabia","Asia/Pacific","SAU","National","SAUt","Total",,,,,,,,,,,5.112,5.508,5.903,6.298,6.694,6.950,7.207,7.464,7.720,7.977,8.234,8.490,8.747,9.004,9.190,9.376,9.562,9.747,10.08,10.41,10.74,10.74
"Senegal","Africa","SEN","National","SENt","Total",,,,,,,,,,,1.089,1.055,1.022,0.988,0.954,0.921,1.052,1.197,1.342,1.487,1.632,1.776,1.949,2.122,2.007,1.893,1.779,1.665,1.616,1.569,1.569,1.569
"Serbia","Europe","SRB","National","SRBt","Total",,,,,,,,,,,6.590,6.732,6.874,7.327,7.780,8.233,8.686,9.139,9.592,9.692,9.760,10.05,10.05,10.06,10.20,10.58,10.71,10.76,10.89,11.02,11.02,11.02
"Sierra Leone","Africa","SLE","National","SLEt","Total",,,,,,,,,,,1.750,1.814,1.878,1.942,2.006,2.070,2.150,2.230,2.311,2.391,2.471,2.571,2.672,2.773,2.873,2.974,3.100,3.226,3.351,3.477,3.477,3.477
"Singapore","Asia/Pacific","SGP","National","SGPt","Total",,,,,,,,,,,8.611,,,,,10.09,,,,,10.77,10.83,10.85,10.97,11.07,11.19,11.20,11.17,11.35,11.52,11.63,11.63
"Slovakia","Europe","SVK","National","SVKt","Total",,,,,,,,,,,9.813,10.19,10.40,10.62,10.83,11.04,11.25,11.46,11.68,11.89,12.10,12.31,12.21,12.27,12.29,12.52,12.62,12.69,12.81,12.87,12.87,12.87
"Slovenia","Europe","SVN","National","SVNt","Total",,,,,,,,,,,10.10,10.46,10.83,11.19,11.56,11.40,11.59,11.62,11.70,11.82,11.87,12.05,12.17,12.28,12.34,12.53,12.65,12.71,12.77,12.83,12.83,12.83
"South Africa","Africa","ZAF","National","ZAFt","Total",,,,,,,,,,,6.990,7.201,8.287,8.470,8.618,8.610,8.666,8.820,8.917,9.350,9.420,9.528,9.723,9.847,9.971,10.04,10.03,10.02,9.838,9.657,9.657,9.657
"South Korea","Asia/Pacific","KOR","National","KORt","Total",,,,,,,,,,,9.643,9.788,9.932,10.08,10.22,10.36,10.27,10.18,10.08,9.988,10.86,10.97,11.08,11.19,11.30,11.41,11.52,11.63,11.75,11.86,11.86,11.86
"South Sudan","Africa","SSD","National","SSDt","Total",,,,,,,,,,,,,,,,,,,,,4.762,4.762,4.762,4.762,4.762,4.762,4.762,4.762,4.762,4.762,4.762,4.762
"Spain","Europe","ESP","National","ESPt","Total",,,,,,,,,,,7.501,7.709,7.917,8.126,8.334,8.626,8.750,8.842,8.926,9.016,9.127,9.263,9.314,9.434,9.553,9.770,9.897,9.973,10.05,10.29,10.53,10.53
"Sri Lanka","Asia/Pacific","LKA","National","LKAt","Total",,,,,,,,,,,9.914,,,,,9.965,,,,,10.12,10.19,10.25,10.31,10.38,10.44,10.50,10.56,10.64,10.57,10.83,10.83
"Sudan","Africa","SDN","National","SDNt","Total",,,,,,,,,,,,,,,,2.250,2.302,2.354,2.406,2.458,2.510,2.630,2.750,2.870,2.990,3.110,3.188,3.266,3.344,3.422,3.422,3.422
"Suriname","America","SUR","National","SURt","Total",,,,,,,,,,,,,,,,7.569,7.770,7.972,8.173,8.375,8.577,8.778,8.980,9.110,9.240,9.380,9.501,9.631,9.762,9.898,9.898,9.898
"Sweden","Europe","SWE","National","SWEt","Total",,,,,,,,,,,11.57,11.77,11.96,12.16,12.35,12.44,12.53,12.60,12.15,12.23,12.30,12.38,12.46,12.31,12.38,12.46,12.53,12.62,12.69,12.77,12.77,12.77
"Switzerland","Europe","CHE","National","CHEt","Total",,,,,,,,,,,9.663,9.842,10.02,10.20,10.38,10.56,11.11,11.67,12.22,12.78,12.81,12.82,12.91,13.04,13.16,13.27,13.20,13.30,13.39,13.48,13.48,13.48
"Syria","Asia/Pacific","SYR","National","SYRt","Total",,,,,,,,,,,3.918,4.040,4.161,4.449,4.737,5.025,5.313,5.601,5.295,5.587,5.716,5.716,5.716,5.716,5.144,4.630,4.630,4.630,4.630,4.630,4.630,4.630
"Tajikistan","Asia/Pacific","TJK","National","TJKt","Total",,,,,,,,,,,10.30,10.33,10.36,10.39,10.43,10.46,10.49,10.52,10.55,10.59,10.62,10.65,10.68,10.72,10.75,10.78,10.81,10.84,10.86,10.88,10.88,10.88
"Tanzania","Africa","TZA","National","TZAt","Total",,,,,,,,,,,3.557,3.583,3.609,3.736,3.862,3.989,4.115,4.242,4.369,4.495,4.622,4.749,4.875,5.013,5.154,5.300,5.449,5.603,5.761,5.924,5.924,5.924
"Thailand","Asia/Pacific","THA","National","THAt","Total",,,,,,,,,,,5.329,5.725,6.120,6.516,6.912,6.786,6.661,6.850,7.040,7.229,7.419,7.503,7.587,7.672,7.820,7.968,8.116,8.146,8.176,8.566,8.566,8.566
"Timor Leste","Asia/Pacific","TLS","National","TLSt","Total",,,,,,,,,,,,,,,,2.792,2.931,3.078,3.231,3.393,3.562,3.759,3.955,4.152,4.349,4.545,4.742,4.742,4.742,4.742,4.742,4.742
"Togo","Africa","TGO","National","TGOt","Total",,,,,,,,,,,2.187,2.229,2.271,2.313,2.355,2.397,2.437,2.477,2.517,2.557,2.366,2.175,2.355,2.536,2.716,2.897,3.023,3.149,3.275,3.401,3.401,3.401
"Tonga","Asia/Pacific","TON","National","TONt","Total",,,,,,,,,,,9.926,9.931,9.935,9.940,9.944,9.949,9.953,10.14,10.33,10.52,10.71,10.89,11.00,11.11,11.22,11.32,11.36,11.40,11.44,11.48,11.48,11.48
"Trinidad & Tobago","America","TTO","National","TTOt","Total",,,,,,,,,,,8.884,9.059,9.233,9.408,9.583,9.758,9.933,10.11,10.28,10.28,10.47,10.66,10.79,10.92,11.05,11.18,11.31,11.45,11.59,11.73,11.73,11.73
"Tunisia","Africa","TUN","National","TUNt","Total",,,,,,,,,,,3.676,3.855,4.035,4.214,4.393,4.573,4.794,5.015,5.236,5.453,5.670,5.840,5.772,5.943,6.113,6.283,6.454,6.585,6.719,6.855,6.855,6.855
"Turkey","Asia/Pacific","TUR","National","TURt","Total",,,,,,,,,,,4.331,4.456,4.581,4.706,4.832,4.901,4.992,5.101,5.511,5.697,6.174,6.456,6.606,6.760,6.931,7.103,7.271,7.452,7.661,7.870,7.870,7.870
"Turkmenistan","Asia/Pacific","TKM","National","TKMt","Total",,,,,,,,,,,,,,,,,,,,,,,,,,,,,,,10.92,10.92
"Tuvalu","Asia/Pacific","TUV","National","TUVt","Total",,,,,,,,,,,7.874,7.999,8.125,8.251,8.376,8.502,8.628,8.753,8.879,9.005,9.131,9.256,9.382,9.508,9.633,9.759,9.885,10.01,10.14,10.26,10.39,10.39
"Uganda","Africa","UGA","National","UGAt","Total",,,,,,,,,,,2.954,3.038,3.122,3.457,3.792,4.128,4.463,4.799,5.134,5.162,5.190,4.633,4.075,4.229,4.382,4.536,4.626,4.716,4.807,4.897,4.897,4.897
"Ukraine","Europe","UKR","National","UKRt","Total",,,,,,,,,,,10.65,10.79,10.92,11.09,11.26,11.36,11.42,11.47,11.53,11.59,11.65,11.62,11.60,11.58,11.56,11.53,11.51,11.50,11.48,11.46,11.46,11.46
"United Arab Emirates","Asia/Pacific","ARE","National","AREt","Total",,,,,,,,,,,8.630,,,,,9.336,,,,,9.466,9.493,9.519,9.545,9.571,9.597,9.623,11.74,12.29,12.53,12.53,12.53
"United Kingdom","Europe","GBR","National","GBRt","Total",,,,,,,,,,,10.68,10.91,11.14,11.38,11.61,11.84,12.12,12.41,12.70,12.98,13.12,13.08,13.27,12.75,12.84,12.94,13.05,13.16,13.25,13.35,13.45,13.45
"United States","America","USA","National","USAt","Total",,,,,,,,,,,12.89,12.86,12.83,12.80,12.78,12.80,12.91,12.95,12.99,13.01,13.06,13.10,13.14,13.21,13.25,13.28,13.38,13.45,13.53,13.63,13.74,13.74
"Uruguay","America","URY","National","URYt","Total",,,,,,,,,,,8.485,8.703,8.921,9.139,8.817,8.496,8.174,8.365,8.556,8.552,8.506,8.626,8.719,8.743,8.855,8.911,8.966,9.089,9.171,9.252,9.252,9.252
"Uzbekistan","Asia/Pacific","UZB","National","UZBt","Total",,,,,,,,,,,9.813,9.904,9.996,10.09,10.18,10.28,10.37,10.47,10.57,10.67,10.77,10.87,10.97,11.07,11.16,11.17,11.45,11.52,11.59,11.73,11.73,11.73
"Venezuela","America","VEN","National","VENt","Total",,,,,,,,,,,6.745,6.897,7.050,7.202,7.354,7.507,7.659,8.179,8.362,8.507,8.977,9.447,9.578,9.709,9.840,9.971,10.60,10.85,11.10,11.36,11.36,11.36
"Vietnam","Asia/Pacific","VNM","National","VNMt","Total",,,,,,,,,,,5.151,5.362,5.573,5.784,5.995,6.206,6.413,6.620,6.827,7.034,7.134,7.234,7.334,7.434,7.534,7.634,7.734,7.834,7.934,8.034,8.034,8.034
"Yemen","Asia/Pacific","YEM","National","YEMt","Total",,,,,,,,,,,0.420,0.500,0.580,0.660,0.740,0.820,0.918,1.016,1.114,1.212,1.310,1.510,1.710,1.710,1.710,1.710,1.710,1.710,1.910,2.880,2.880,2.880
"Zambia","Africa","ZMB","National","ZMBt","Total",,,,,,,,,,,,,,,,,,,,,5.856,5.992,6.128,6.265,6.401,6.537,6.698,6.858,7.019,7.179,7.179,7.179
"Zimbabwe","Africa","ZWE","National","ZWEt","Total",,,,,,,,,,,5.692,5.842,5.992,6.144,6.295,6.447,6.598,6.749,6.901,7.052,7.204,7.355,7.507,7.501,7.495,7.684,7.873,8.062,8.178,8.297,8.297,8.297
